SampleID,name,depth,coral.species,sampling.reef.name,status,substrate ,temperature,transplant.status,transplanted.from,transplanted.to,transplantation,visibility,visibility.rank,survivorship,keep
SRR12022424,SRR12022424,3.5,Orbicella faveolata,Varadero,Varadero_pretransplantation,transplant_platform,30,pretransplantation,Varadero,pretransplantation,,10,medium,alive,yes
SRR12022430,SRR12022430,3.5,Orbicella faveolata,Varadero,Varadero_pretransplantation,transplant_platform,30,pretransplantation,Varadero,pretransplantation,,10,medium,alive,yes
SRR12022441,SRR12022441,3.5,Orbicella faveolata,Varadero,Varadero_pretransplantation,transplant_platform,30,pretransplantation,Varadero,pretransplantation,,10,medium,alive,yes
SRR12022446,SRR12022446,30,Orbicella faveolata,Rosario,Varadero_Rosario,transplant_platform,12,posttransplantation,Varadero,Rosario,Medium/Low,29,high,alive,yes
SRR12022447,SRR12022447,30,Orbicella faveolata,Rosario,Varadero_Rosario,transplant_platform,12,posttransplantation,Varadero,Rosario,Medium/Low,29,high,alive,yes
SRR12022448,SRR12022448,30,Orbicella faveolata,Rosario,Varadero_Rosario,transplant_platform,12,posttransplantation,Varadero,Rosario,Medium/Low,29,high,alive,yes
SRR12022449,SRR12022449,30,Orbicella faveolata,Rosario,Rosario_Rosario,transplant_platform,12,posttransplantation,Rosario,Rosario,Low/Low,29,high,alive,yes
SRR12022450,SRR12022450,30,Orbicella faveolata,Rosario,Rosario_Rosario,transplant_platform,12,posttransplantation,Rosario,Rosario,Low/Low,29,high,alive,yes
SRR12022451,SRR12022451,30,Orbicella faveolata,Rosario,Rosario_Rosario,transplant_platform,12,posttransplantation,Rosario,Rosario,Low/Low,29,high,alive,yes
SRR12022452,SRR12022452,3.5,Orbicella faveolata,Varadero,Varadero_pretransplantation,transplant_platform,30,pretransplantation,Varadero,pretransplantation,,10,medium,alive,yes
SRR12022453,SRR12022453,30,Orbicella faveolata,Rosario,Rosario_Rosario,transplant_platform,12,posttransplantation,Rosario,Rosario,Low/Low,29,high,alive,yes
SRR12022455,SRR12022455,30,Orbicella faveolata,Rosario,Rosario_Rosario,transplant_platform,12,posttransplantation,Rosario,Rosario,Low/Low,29,high,alive,yes
SRR12022456,SRR12022456,30,Orbicella faveolata,Rosario,Varadero_Rosario,transplant_platform,12.3,posttransplantation,Varadero,Rosario,Medium/Low,25,high,alive,yes
SRR12022457,SRR12022457,30,Orbicella faveolata,Rosario,Varadero_Rosario,transplant_platform,12.3,posttransplantation,Varadero,Rosario,Medium/Low,25,high,alive,yes
SRR12022458,SRR12022458,30,Orbicella faveolata,Rosario,Varadero_Rosario,transplant_platform,12.3,posttransplantation,Varadero,Rosario,Medium/Low,25,high,alive,no
SRR12022459,SRR12022459,30,Orbicella faveolata,Rosario,Rosario_Rosario,transplant_platform,12.3,posttransplantation,Rosario,Rosario,Low/Low,25,high,alive,no
SRR12022460,SRR12022460,30,Orbicella faveolata,Rosario,Rosario_Rosario,transplant_platform,12.3,posttransplantation,Rosario,Rosario,Low/Low,25,high,alive,yes
SRR12022461,SRR12022461,30,Orbicella faveolata,Rosario,Rosario_Rosario,transplant_platform,12.3,posttransplantation,Rosario,Rosario,Low/Low,25,high,alive,no
SRR12022462,SRR12022462,30,Orbicella faveolata,Rosario,Rosario_Rosario,transplant_platform,12.3,posttransplantation,Rosario,Rosario,Low/Low,25,high,alive,yes
SRR12022463,SRR12022463,3.5,Orbicella faveolata,Varadero,Varadero_pretransplantation,transplant_platform,30,pretransplantation,Varadero,pretransplantation,,10,medium,alive,yes
SRR12022464,SRR12022464,30,Orbicella faveolata,Rosario,Rosario_Rosario,transplant_platform,12.3,posttransplantation,Rosario,Rosario,Low/Low,25,high,alive,yes
SRR12022465,SRR12022465,30,Orbicella faveolata,Rosario,Rosario_Rosario,transplant_platform,12.3,posttransplantation,Rosario,Rosario,Low/Low,25,high,alive,yes
SRR12022466,SRR12022466,30,Orbicella faveolata,Rosario,Varadero_Rosario,transplant_platform,12.3,posttransplantation,Varadero,Rosario,Medium/Low,25,high,alive,yes
SRR12022467,SRR12022467,30,Orbicella faveolata,Rosario,Varadero_Rosario,transplant_platform,12.3,posttransplantation,Varadero,Rosario,Medium/Low,25,high,alive,yes
SRR12022474,SRR12022474,3.5,Orbicella faveolata,Varadero,Varadero_pretransplantation,transplant_platform,30,pretransplantation,Varadero,pretransplantation,,10,medium,alive,yes
SRR12022483,SRR12022483,3,Orbicella faveolata,Cartagena_Bay,Varadero_Cartagena_Bay,transplant_platform,30,posttransplantation,Varadero,Cartagena_Bay,Medium/High,2.5,low,alive,yes
SRR12022484,SRR12022484,3,Orbicella faveolata,Cartagena_Bay,Varadero_Cartagena_Bay,transplant_platform,30,posttransplantation,Varadero,Cartagena_Bay,Medium/High,2.5,low,alive,yes
SRR12022485,SRR12022485,3.5,Orbicella faveolata,Varadero,Varadero_pretransplantation,transplant_platform,30,pretransplantation,Varadero,pretransplantation,,10,medium,alive,yes
SRR12022486,SRR12022486,3,Orbicella faveolata,Cartagena_Bay,Varadero_Cartagena_Bay,transplant_platform,30,posttransplantation,Varadero,Cartagena_Bay,Medium/High,2.5,low,alive,yes
SRR12022487,SRR12022487,3,Orbicella faveolata,Cartagena_Bay,Varadero_Cartagena_Bay,transplant_platform,30,posttransplantation,Varadero,Cartagena_Bay,Medium/High,2.5,low,alive,yes
SRR12022488,SRR12022488,3,Orbicella faveolata,Cartagena_Bay,Rosario_Cartagena_Bay,transplant_platform,30,posttransplantation,Rosario,Cartagena_Bay,Low/High,2.5,low,alive,yes
SRR12022489,SRR12022489,3,Orbicella faveolata,Cartagena_Bay,Rosario_Cartagena_Bay,transplant_platform,30,posttransplantation,Rosario,Cartagena_Bay,Low/High,2.5,low,alive,yes
SRR12022490,SRR12022490,3,Orbicella faveolata,Cartagena_Bay,Varadero_Cartagena_Bay,transplant_platform,30,posttransplantation,Varadero,Cartagena_Bay,Medium/High,2.5,low,alive,yes
SRR12022491,SRR12022491,3,Orbicella faveolata,Cartagena_Bay,Varadero_Cartagena_Bay,transplant_platform,30,posttransplantation,Varadero,Cartagena_Bay,Medium/High,2.5,low,alive,yes
SRR12022492,SRR12022492,3,Orbicella faveolata,Cartagena_Bay,Varadero_Cartagena_Bay,transplant_platform,30,posttransplantation,Varadero,Cartagena_Bay,Medium/High,2.5,low,alive,yes
SRR12022493,SRR12022493,3.3,Orbicella faveolata,Cartagena_Bay,Varadero_Cartagena_Bay,transplant_platform,31,posttransplantation,Varadero,Cartagena_Bay,Medium/High,2.5,low,alive,yes
SRR12022494,SRR12022494,3.3,Orbicella faveolata,Cartagena_Bay,Varadero_Cartagena_Bay,transplant_platform,31,posttransplantation,Varadero,Cartagena_Bay,Medium/High,2.5,low,alive,yes
SRR12022495,SRR12022495,3.3,Orbicella faveolata,Cartagena_Bay,Rosario_Cartagena_Bay,transplant_platform,31,posttransplantation,Rosario,Cartagena_Bay,Low/High,2.5,low,alive,yes
SRR12022496,SRR12022496,3.5,Orbicella faveolata,Varadero,Varadero_pretransplantation,transplant_platform,30,pretransplantation,Varadero,pretransplantation,,10,medium,alive,yes
SRR12022497,SRR12022497,3.3,Orbicella faveolata,Cartagena_Bay,Rosario_Cartagena_Bay,transplant_platform,31,posttransplantation,Rosario,Cartagena_Bay,Low/High,2.5,low,alive,yes
SRR12022498,SRR12022498,3.3,Orbicella faveolata,Cartagena_Bay,Rosario_Cartagena_Bay,transplant_platform,31,posttransplantation,Rosario,Cartagena_Bay,Low/High,2.5,low,alive,yes
SRR12022499,SRR12022499,3.3,Orbicella faveolata,Cartagena_Bay,Varadero_Cartagena_Bay,transplant_platform,31,posttransplantation,Varadero,Cartagena_Bay,Medium/High,2.5,low,alive,yes
SRR12022500,SRR12022500,3.3,Orbicella faveolata,Cartagena_Bay,Rosario_Cartagena_Bay,transplant_platform,31,posttransplantation,Rosario,Cartagena_Bay,Low/High,2.5,low,alive,yes
SRR12022501,SRR12022501,3.3,Orbicella faveolata,Cartagena_Bay,Rosario_Cartagena_Bay,transplant_platform,31,posttransplantation,Rosario,Cartagena_Bay,Low/High,2.5,low,alive,yes
SRR12022502,SRR12022502,3.3,Orbicella faveolata,Cartagena_Bay,Rosario_Cartagena_Bay,transplant_platform,31,posttransplantation,Rosario,Cartagena_Bay,Low/High,2.5,low,alive,yes
SRR12022503,SRR12022503,3.3,Orbicella faveolata,Cartagena_Bay,Rosario_Cartagena_Bay,transplant_platform,31,posttransplantation,Rosario,Cartagena_Bay,Low/High,2.5,low,alive,yes
SRR12022504,SRR12022504,3,Orbicella faveolata,Varadero,Rosario_Varadero,transplant_platform,30,posttransplantation,Rosario,Varadero,Low/Medium,12,medium,alive,yes
SRR12022505,SRR12022505,3,Orbicella faveolata,Varadero,Rosario_Varadero,transplant_platform,30,posttransplantation,Rosario,Varadero,Low/Medium,12,medium,alive,yes
SRR12022506,SRR12022506,3,Orbicella faveolata,Varadero,Rosario_Varadero,transplant_platform,30,posttransplantation,Rosario,Varadero,Low/Medium,12,medium,alive,yes
SRR12022507,SRR12022507,3.5,Orbicella faveolata,Varadero,Varadero_pretransplantation,transplant_platform,30,pretransplantation,Varadero,pretransplantation,,10,medium,alive,yes
SRR12022508,SRR12022508,3,Orbicella faveolata,Varadero,Rosario_Varadero,transplant_platform,30,posttransplantation,Rosario,Varadero,Low/Medium,12,medium,alive,yes
SRR12022509,SRR12022509,3,Orbicella faveolata,Varadero,Rosario_Varadero,transplant_platform,30,posttransplantation,Rosario,Varadero,Low/Medium,12,medium,alive,yes
SRR12022510,SRR12022510,3,Orbicella faveolata,Varadero,Varadero_Varadero,transplant_platform,30,posttransplantation,Varadero,Varadero,Medium/Medium,12,medium,alive,no
SRR12022511,SRR12022511,3,Orbicella faveolata,Varadero,Varadero_Varadero,transplant_platform,30,posttransplantation,Varadero,Varadero,Medium/Medium,12,medium,alive,yes
SRR12022512,SRR12022512,3,Orbicella faveolata,Varadero,Varadero_Varadero,transplant_platform,30,posttransplantation,Varadero,Varadero,Medium/Medium,12,medium,alive,yes
SRR12022513,SRR12022513,3,Orbicella faveolata,Varadero,Varadero_Varadero,transplant_platform,30,posttransplantation,Varadero,Varadero,Medium/Medium,12,medium,alive,yes
SRR12022514,SRR12022514,3,Orbicella faveolata,Varadero,Varadero_Varadero,transplant_platform,30,posttransplantation,Varadero,Varadero,Medium/Medium,12,medium,alive,yes
SRR12022515,SRR12022515,3,Orbicella faveolata,Varadero,Varadero_Varadero,transplant_platform,30,posttransplantation,Varadero,Varadero,Medium/Medium,12,medium,alive,yes
SRR12022516,SRR12022516,3,Orbicella faveolata,Varadero,Varadero_Varadero,transplant_platform,29,posttransplantation,Varadero,Varadero,Medium/Medium,12,medium,alive,yes
SRR12022517,SRR12022517,3,Orbicella faveolata,Varadero,Varadero_Varadero,transplant_platform,29,posttransplantation,Varadero,Varadero,Medium/Medium,12,medium,alive,yes
SRR12022518,SRR12022518,3.5,Orbicella faveolata,Varadero,Varadero_pretransplantation,transplant_platform,30,pretransplantation,Varadero,pretransplantation,,10,medium,alive,yes
SRR12022519,SRR12022519,3,Orbicella faveolata,Varadero,Varadero_Varadero,transplant_platform,29,posttransplantation,Varadero,Varadero,Medium/Medium,12,medium,alive,yes
SRR12022520,SRR12022520,3,Orbicella faveolata,Varadero,Varadero_Varadero,transplant_platform,29,posttransplantation,Varadero,Varadero,Medium/Medium,12,medium,alive,yes
SRR12022521,SRR12022521,3,Orbicella faveolata,Varadero,Rosario_Varadero,transplant_platform,29,posttransplantation,Rosario,Varadero,Low/Medium,12,medium,alive,yes
SRR12022522,SRR12022522,3,Orbicella faveolata,Varadero,Rosario_Varadero,transplant_platform,29,posttransplantation,Rosario,Varadero,Low/Medium,12,medium,alive,yes
SRR12022523,SRR12022523,3,Orbicella faveolata,Varadero,Rosario_Varadero,transplant_platform,29,posttransplantation,Rosario,Varadero,Low/Medium,12,medium,alive,yes
SRR12022524,SRR12022524,3,Orbicella faveolata,Varadero,Rosario_Varadero,transplant_platform,29,posttransplantation,Rosario,Varadero,Low/Medium,12,medium,alive,yes
SRR12022525,SRR12022525,3,Orbicella faveolata,Varadero,Varadero_Varadero,transplant_platform,29,posttransplantation,Varadero,Varadero,Medium/Medium,12,medium,alive,yes
SRR12022526,SRR12022526,3,Orbicella faveolata,Varadero,Rosario_Varadero,transplant_platform,29,posttransplantation,Rosario,Varadero,Low/Medium,12,medium,alive,yes
SRR12022527,SRR12022527,3,Orbicella faveolata,Varadero,Varadero_Varadero,transplant_platform,29,posttransplantation,Varadero,Varadero,Medium/Medium,12,medium,alive,yes
SRR12022528,SRR12022528,3,Orbicella faveolata,Varadero,Varadero_Varadero,transplant_platform,29,posttransplantation,Varadero,Varadero,Medium/Medium,12,medium,alive,yes
SRR12022529,SRR12022529,3.5,Orbicella faveolata,Varadero,Varadero_pretransplantation,transplant_platform,30,pretransplantation,Varadero,pretransplantation,,10,medium,alive,yes
SRR12022530,SRR12022530,3.5,Orbicella faveolata,Varadero,Varadero_pretransplantation,transplant_platform,30,pretransplantation,Varadero,pretransplantation,,10,medium,alive,yes
SRR12022531,SRR12022531,3,Orbicella faveolata,Varadero,Varadero_Varadero,transplant_platform,30,posttransplantation,Varadero,Varadero,Medium/Medium,12,medium,alive,yes
SRR12022532,SRR12022532,3,Orbicella faveolata,Varadero,Varadero_Varadero,transplant_platform,30,posttransplantation,Varadero,Varadero,Medium/Medium,12,medium,alive,yes
SRR12022533,SRR12022533,3,Orbicella faveolata,Varadero,Varadero_Varadero,transplant_platform,30,posttransplantation,Varadero,Varadero,Medium/Medium,12,medium,alive,yes
SRR12022534,SRR12022534,3,Orbicella faveolata,Varadero,Varadero_Varadero,transplant_platform,30,posttransplantation,Varadero,Varadero,Medium/Medium,12,medium,alive,yes
SRR12022535,SRR12022535,3,Orbicella faveolata,Varadero,Varadero_Varadero,transplant_platform,30,posttransplantation,Varadero,Varadero,Medium/Medium,12,medium,alive,no
SRR12022536,SRR12022536,3,Orbicella faveolata,Varadero,Varadero_Varadero,transplant_platform,30,posttransplantation,Varadero,Varadero,Medium/Medium,12,medium,alive,yes
SRR12022537,SRR12022537,3,Orbicella faveolata,Varadero,Varadero_Varadero,transplant_platform,30,posttransplantation,Varadero,Varadero,Medium/Medium,12,medium,alive,yes
SRR12022538,SRR12022538,3,Orbicella faveolata,Varadero,Rosario_Varadero,transplant_platform,30,posttransplantation,Rosario,Varadero,Low/Medium,12,medium,alive,yes
SRR12022539,SRR12022539,3,Orbicella faveolata,Varadero,Rosario_Varadero,transplant_platform,30,posttransplantation,Rosario,Varadero,Low/Medium,12,medium,alive,yes
SRR12022540,SRR12022540,3,Orbicella faveolata,Varadero,Rosario_Varadero,transplant_platform,30,posttransplantation,Rosario,Varadero,Low/Medium,12,medium,alive,yes
SRR12022541,SRR12022541,3.5,Orbicella faveolata,Varadero,Varadero_pretransplantation,transplant_platform,30,pretransplantation,Varadero,pretransplantation,,10,medium,alive,yes
SRR12022542,SRR12022542,3,Orbicella faveolata,Varadero,Rosario_Varadero,transplant_platform,30,posttransplantation,Rosario,Varadero,Low/Medium,12,medium,alive,yes
SRR12022544,SRR12022544,2.3,Orbicella annularis,Varadero,Varadero_mother_colony,rubble,30,mother_colony,Varadero_mother_colony,Varadero_mother_colony,,10,medium,,yes
SRR12022545,SRR12022545,2.3,Orbicella annularis,Varadero,Varadero_mother_colony,rubble,30,mother_colony,Varadero_mother_colony,Varadero_mother_colony,,10,medium,,yes
SRR12022546,SRR12022546,3.2,Orbicella annularis,Varadero,Varadero_mother_colony,rubble,30,mother_colony,Varadero_mother_colony,Varadero_mother_colony,,10,medium,,yes
SRR12022547,SRR12022547,2.5,Orbicella annularis,Varadero,Varadero_mother_colony,rubble,30,mother_colony,Varadero_mother_colony,Varadero_mother_colony,,10,medium,,yes
SRR12022548,SRR12022548,2.5,Orbicella annularis,Varadero,Varadero_mother_colony,rubble,30,mother_colony,Varadero_mother_colony,Varadero_mother_colony,,10,medium,,yes
SRR12022549,SRR12022549,2.8,Orbicella annularis,Varadero,Varadero_mother_colony,rubble,30,mother_colony,Varadero_mother_colony,Varadero_mother_colony,,10,medium,,yes
SRR12022550,SRR12022550,2.8,Orbicella annularis,Varadero,Varadero_mother_colony,rubble,30,mother_colony,Varadero_mother_colony,Varadero_mother_colony,,10,medium,,yes
SRR12022551,SRR12022551,2.8,Orbicella annularis,Varadero,Varadero_mother_colony,rubble,30,mother_colony,Varadero_mother_colony,Varadero_mother_colony,,10,medium,,yes
SRR12022552,SRR12022552,3.5,Orbicella faveolata,Varadero,Varadero_pretransplantation,transplant_platform,30,pretransplantation,Varadero,pretransplantation,,10,medium,alive,yes
SRR12022553,SRR12022553,2.8,Orbicella annularis,Varadero,Varadero_mother_colony,rubble,30,mother_colony,Varadero_mother_colony,Varadero_mother_colony,,10,medium,,yes
SRR12022554,SRR12022554,2.8,Orbicella annularis,Varadero,Varadero_mother_colony,rubble,30,mother_colony,Varadero_mother_colony,Varadero_mother_colony,,10,medium,,yes
SRR12022555,SRR12022555,2.8,Orbicella annularis,Varadero,Varadero_mother_colony,rubble,30,mother_colony,Varadero_mother_colony,Varadero_mother_colony,,10,medium,,yes
SRR12022556,SRR12022556,2.5,Orbicella annularis,Varadero,Varadero_mother_colony,rubble,30,mother_colony,Varadero_mother_colony,Varadero_mother_colony,,10,medium,,yes
SRR12022557,SRR12022557,3.5,Orbicella annularis,Varadero,Varadero_mother_colony,rubble,30,mother_colony,Varadero_mother_colony,Varadero_mother_colony,,10,medium,,yes
SRR12022563,SRR12022563,3.5,Orbicella faveolata,Varadero,Varadero_pretransplantation,transplant_platform,30,pretransplantation,Varadero,pretransplantation,,10,medium,dead,yes
SRR12022574,SRR12022574,3.5,Orbicella faveolata,Varadero,Varadero_pretransplantation,transplant_platform,30,pretransplantation,Varadero,pretransplantation,,10,medium,alive,yes
SRR12022584,SRR12022584,10.7,Orbicella faveolata,Rosario,Rosario_mother_colony,rubble,29,mother_colony,Rosario_mother_colony,Rosario_mother_colony,,30,high,,yes
SRR12022585,SRR12022585,3.5,Orbicella faveolata,Varadero,Varadero_pretransplantation,transplant_platform,30,pretransplantation,Varadero,pretransplantation,,10,medium,alive,yes
SRR12022586,SRR12022586,11.5,Orbicella faveolata,Rosario,Rosario_mother_colony,rubble,29,mother_colony,Rosario_mother_colony,Rosario_mother_colony,,30,high,,yes
SRR12022587,SRR12022587,11.5,Orbicella faveolata,Rosario,Rosario_mother_colony,rubble,29,mother_colony,Rosario_mother_colony,Rosario_mother_colony,,30,high,,yes
SRR12022588,SRR12022588,11.5,Orbicella faveolata,Rosario,Rosario_mother_colony,rubble,29,mother_colony,Rosario_mother_colony,Rosario_mother_colony,,30,high,,yes
SRR12022589,SRR12022589,11.5,Orbicella faveolata,Rosario,Rosario_mother_colony,rubble,29,mother_colony,Rosario_mother_colony,Rosario_mother_colony,,30,high,,yes
SRR12022590,SRR12022590,11.5,Orbicella faveolata,Rosario,Rosario_mother_colony,rubble,29,mother_colony,Rosario_mother_colony,Rosario_mother_colony,,30,high,,yes
SRR12022591,SRR12022591,11.5,Orbicella faveolata,Rosario,Rosario_mother_colony,rubble,29,mother_colony,Rosario_mother_colony,Rosario_mother_colony,,30,high,,yes
SRR12022592,SRR12022592,11.5,Orbicella faveolata,Rosario,Rosario_mother_colony,rubble,29,mother_colony,Rosario_mother_colony,Rosario_mother_colony,,30,high,,yes
SRR12022593,SRR12022593,11.5,Orbicella faveolata,Rosario,Rosario_mother_colony,rubble,29,mother_colony,Rosario_mother_colony,Rosario_mother_colony,,30,high,,yes
SRR12022594,SRR12022594,12.1,Orbicella faveolata,Rosario,Rosario_mother_colony,rubble,29,mother_colony,Rosario_mother_colony,Rosario_mother_colony,,30,high,,yes
SRR12022595,SRR12022595,12.1,Orbicella faveolata,Rosario,Rosario_mother_colony,rubble,29,mother_colony,Rosario_mother_colony,Rosario_mother_colony,,30,high,,yes
SRR12022596,SRR12022596,3.5,Orbicella faveolata,Varadero,Varadero_pretransplantation,transplant_platform,30,pretransplantation,Varadero,pretransplantation,,10,medium,dead,yes
SRR12022597,SRR12022597,12.1,Orbicella faveolata,Rosario,Rosario_mother_colony,rubble,29,mother_colony,Rosario_mother_colony,Rosario_mother_colony,,30,high,,yes
SRR12022598,SRR12022598,12.1,Orbicella faveolata,Rosario,Rosario_mother_colony,rubble,29,mother_colony,Rosario_mother_colony,Rosario_mother_colony,,30,high,,yes
SRR12022599,SRR12022599,12.1,Orbicella faveolata,Rosario,Rosario_mother_colony,rubble,29,mother_colony,Rosario_mother_colony,Rosario_mother_colony,,30,high,,yes
SRR12022607,SRR12022607,3.5,Orbicella faveolata,Varadero,Varadero_pretransplantation,transplant_platform,30,pretransplantation,Varadero,pretransplantation,,10,medium,alive,yes
SRR12022615,SRR12022615,12.5,Orbicella faveolata,Rosario,Rosario_pretransplantation,transplant_platform,30,pretransplantation,Rosario,pretransplantation,,35,high,dead,yes
SRR12022616,SRR12022616,12.5,Orbicella faveolata,Rosario,Rosario_pretransplantation,transplant_platform,30,pretransplantation,Rosario,pretransplantation,,35,high,alive,yes
SRR12022617,SRR12022617,12.5,Orbicella faveolata,Rosario,Rosario_pretransplantation,transplant_platform,30,pretransplantation,Rosario,pretransplantation,,35,high,alive,yes
SRR12022618,SRR12022618,12.5,Orbicella faveolata,Rosario,Rosario_pretransplantation,transplant_platform,30,pretransplantation,Rosario,pretransplantation,,35,high,dead,yes
SRR12022619,SRR12022619,12.5,Orbicella faveolata,Rosario,Rosario_pretransplantation,transplant_platform,30,pretransplantation,Rosario,pretransplantation,,35,high,alive,yes
SRR12022620,SRR12022620,12.5,Orbicella faveolata,Rosario,Rosario_pretransplantation,transplant_platform,30,pretransplantation,Rosario,pretransplantation,,35,high,alive,yes
SRR12022621,SRR12022621,12.5,Orbicella faveolata,Rosario,Rosario_pretransplantation,transplant_platform,30,pretransplantation,Rosario,pretransplantation,,35,high,dead,yes
SRR12022622,SRR12022622,12.5,Orbicella faveolata,Rosario,Rosario_pretransplantation,transplant_platform,30,pretransplantation,Rosario,pretransplantation,,35,high,dead,yes
SRR12022623,SRR12022623,12.5,Orbicella faveolata,Rosario,Rosario_pretransplantation,transplant_platform,30,pretransplantation,Rosario,pretransplantation,,35,high,alive,yes
SRR12022624,SRR12022624,12.5,Orbicella faveolata,Rosario,Rosario_pretransplantation,transplant_platform,30,pretransplantation,Rosario,pretransplantation,,35,high,alive,yes
SRR12022625,SRR12022625,3.5,Orbicella faveolata,Varadero,Varadero_pretransplantation,transplant_platform,30,pretransplantation,Varadero,pretransplantation,,10,medium,alive,yes
SRR12022626,SRR12022626,12.5,Orbicella faveolata,Rosario,Rosario_pretransplantation,transplant_platform,30,pretransplantation,Rosario,pretransplantation,,35,high,alive,yes
SRR12022627,SRR12022627,12.5,Orbicella faveolata,Rosario,Rosario_pretransplantation,transplant_platform,30,pretransplantation,Rosario,pretransplantation,,35,high,alive,yes
SRR12022628,SRR12022628,12.5,Orbicella faveolata,Rosario,Rosario_pretransplantation,transplant_platform,30,pretransplantation,Rosario,pretransplantation,,35,high,dead,yes
SRR12022629,SRR12022629,12.5,Orbicella faveolata,Rosario,Rosario_pretransplantation,transplant_platform,30,pretransplantation,Rosario,pretransplantation,,35,high,alive,yes
SRR12022630,SRR12022630,12.5,Orbicella faveolata,Rosario,Rosario_pretransplantation,transplant_platform,30,pretransplantation,Rosario,pretransplantation,,35,high,alive,yes
SRR12022631,SRR12022631,12.5,Orbicella faveolata,Rosario,Rosario_pretransplantation,transplant_platform,30,pretransplantation,Rosario,pretransplantation,,35,high,alive,yes
SRR12022632,SRR12022632,12.5,Orbicella faveolata,Rosario,Rosario_pretransplantation,transplant_platform,30,pretransplantation,Rosario,pretransplantation,,35,high,alive,yes
SRR12022633,SRR12022633,12.5,Orbicella faveolata,Rosario,Rosario_pretransplantation,transplant_platform,30,pretransplantation,Rosario,pretransplantation,,35,high,alive,yes
SRR12022634,SRR12022634,12.5,Orbicella faveolata,Rosario,Rosario_pretransplantation,transplant_platform,30,pretransplantation,Rosario,pretransplantation,,35,high,dead,yes
SRR12022635,SRR12022635,12.5,Orbicella faveolata,Rosario,Rosario_pretransplantation,transplant_platform,30,pretransplantation,Rosario,pretransplantation,,35,high,alive,yes
SRR12022636,SRR12022636,3.5,Orbicella faveolata,Varadero,Varadero_pretransplantation,transplant_platform,30,pretransplantation,Varadero,pretransplantation,,10,medium,alive,yes
SRR12022637,SRR12022637,12.5,Orbicella faveolata,Rosario,Rosario_pretransplantation,transplant_platform,30,pretransplantation,Rosario,pretransplantation,,35,high,alive,yes
SRR12022638,SRR12022638,12.5,Orbicella faveolata,Rosario,Rosario_pretransplantation,transplant_platform,30,pretransplantation,Rosario,pretransplantation,,35,high,alive,yes
SRR12022639,SRR12022639,12.5,Orbicella faveolata,Rosario,Rosario_pretransplantation,transplant_platform,30,pretransplantation,Rosario,pretransplantation,,35,high,alive,yes
SRR12022640,SRR12022640,12.5,Orbicella faveolata,Rosario,Rosario_pretransplantation,transplant_platform,30,pretransplantation,Rosario,pretransplantation,,35,high,alive,yes
SRR12022641,SRR12022641,12.5,Orbicella faveolata,Rosario,Rosario_pretransplantation,transplant_platform,30,pretransplantation,Rosario,pretransplantation,,35,high,dead,yes
SRR12022642,SRR12022642,3.3,Orbicella faveolata,Varadero,Varadero_pretransplantation,transplant_platform,30,pretransplantation,Varadero,pretransplantation,,10,medium,dead,yes
SRR12022643,SRR12022643,3.3,Orbicella faveolata,Varadero,Varadero_pretransplantation,transplant_platform,30,pretransplantation,Varadero,pretransplantation,,10,medium,alive,yes
SRR12022644,SRR12022644,3.3,Orbicella faveolata,Varadero,Varadero_pretransplantation,transplant_platform,30,pretransplantation,Varadero,pretransplantation,,10,medium,dead,yes
SRR12022645,SRR12022645,3.3,Orbicella faveolata,Varadero,Varadero_pretransplantation,transplant_platform,30,pretransplantation,Varadero,pretransplantation,,10,medium,alive,yes
SRR12022646,SRR12022646,3.3,Orbicella faveolata,Varadero,Varadero_pretransplantation,transplant_platform,30,pretransplantation,Varadero,pretransplantation,,10,medium,alive,yes
SRR12022647,SRR12022647,3.5,Orbicella faveolata,Varadero,Varadero_pretransplantation,transplant_platform,30,pretransplantation,Varadero,pretransplantation,,10,medium,alive,yes
SRR12022648,SRR12022648,3.3,Orbicella faveolata,Varadero,Varadero_pretransplantation,transplant_platform,30,pretransplantation,Varadero,pretransplantation,,10,medium,alive,yes
SRR12022649,SRR12022649,3.3,Orbicella faveolata,Varadero,Varadero_pretransplantation,transplant_platform,30,pretransplantation,Varadero,pretransplantation,,10,medium,dead,yes
SRR12022650,SRR12022650,3.3,Orbicella faveolata,Varadero,Varadero_pretransplantation,transplant_platform,30,pretransplantation,Varadero,pretransplantation,,10,medium,alive,yes
SRR12022651,SRR12022651,3.3,Orbicella faveolata,Varadero,Varadero_pretransplantation,transplant_platform,30,pretransplantation,Varadero,pretransplantation,,10,medium,dead,yes
SRR12022652,SRR12022652,3.3,Orbicella faveolata,Varadero,Varadero_pretransplantation,transplant_platform,30,pretransplantation,Varadero,pretransplantation,,10,medium,dead,yes
SRR12022653,SRR12022653,3.3,Orbicella faveolata,Varadero,Varadero_pretransplantation,transplant_platform,30,pretransplantation,Varadero,pretransplantation,,10,medium,alive,yes
SRR12022654,SRR12022654,3.3,Orbicella faveolata,Varadero,Varadero_pretransplantation,transplant_platform,30,pretransplantation,Varadero,pretransplantation,,10,medium,alive,yes
SRR12022655,SRR12022655,3.3,Orbicella faveolata,Varadero,Varadero_pretransplantation,transplant_platform,30,pretransplantation,Varadero,pretransplantation,,10,medium,dead,yes
SRR12022656,SRR12022656,3.3,Orbicella faveolata,Varadero,Varadero_pretransplantation,transplant_platform,30,pretransplantation,Varadero,pretransplantation,,10,medium,alive,yes
SRR12022657,SRR12022657,3.3,Orbicella faveolata,Varadero,Varadero_pretransplantation,transplant_platform,30,pretransplantation,Varadero,pretransplantation,,10,medium,dead,yes
SRR12022658,SRR12022658,3.5,Orbicella faveolata,Varadero,Varadero_pretransplantation,transplant_platform,30,pretransplantation,Varadero,pretransplantation,,10,medium,dead,yes
SRR12022669,SRR12022669,3.5,Orbicella faveolata,Varadero,Varadero_pretransplantation,transplant_platform,30,pretransplantation,Varadero,pretransplantation,,10,medium,alive,yes
SRR12022680,SRR12022680,3.5,Orbicella faveolata,Varadero,Varadero_pretransplantation,transplant_platform,30,pretransplantation,Varadero,pretransplantation,,10,medium,alive,yes
SRR12022689,SRR12022689,3.5,Orbicella faveolata,Varadero,Varadero_pretransplantation,transplant_platform,30,pretransplantation,Varadero,pretransplantation,,10,medium,alive,yes
SRR12022691,SRR12022691,12.5,Orbicella faveolata,Rosario,Rosario_pretransplantation,transplant_platform,30,pretransplantation,Rosario,pretransplantation,,35,high,alive,yes
SRR12022692,SRR12022692,12.5,Orbicella faveolata,Rosario,Rosario_pretransplantation,transplant_platform,30,pretransplantation,Rosario,pretransplantation,,35,high,alive,yes
SRR12022693,SRR12022693,12.5,Orbicella faveolata,Rosario,Rosario_pretransplantation,transplant_platform,30,pretransplantation,Rosario,pretransplantation,,35,high,alive,yes
SRR12022694,SRR12022694,12.5,Orbicella faveolata,Rosario,Rosario_pretransplantation,transplant_platform,30,pretransplantation,Rosario,pretransplantation,,35,high,alive,yes
SRR12022695,SRR12022695,12.5,Orbicella faveolata,Rosario,Rosario_pretransplantation,transplant_platform,30,pretransplantation,Rosario,pretransplantation,,35,high,alive,yes
SRR12022696,SRR12022696,12.5,Orbicella faveolata,Rosario,Rosario_pretransplantation,transplant_platform,30,pretransplantation,Rosario,pretransplantation,,35,high,dead,yes
SRR12022697,SRR12022697,12.5,Orbicella faveolata,Rosario,Rosario_pretransplantation,transplant_platform,30,pretransplantation,Rosario,pretransplantation,,35,high,alive,yes
SRR12022698,SRR12022698,12.5,Orbicella faveolata,Rosario,Rosario_pretransplantation,transplant_platform,30,pretransplantation,Rosario,pretransplantation,,35,high,alive,yes
SRR12022699,SRR12022699,12.5,Orbicella faveolata,Rosario,Rosario_pretransplantation,transplant_platform,30,pretransplantation,Rosario,pretransplantation,,35,high,alive,yes
SRR12022700,SRR12022700,3.5,Orbicella faveolata,Varadero,Varadero_pretransplantation,transplant_platform,30,pretransplantation,Varadero,pretransplantation,,10,medium,alive,yes
SRR12022701,SRR12022701,12.5,Orbicella faveolata,Rosario,Rosario_pretransplantation,transplant_platform,30,pretransplantation,Rosario,pretransplantation,,35,high,alive,yes
SRR12022702,SRR12022702,12.5,Orbicella faveolata,Rosario,Rosario_pretransplantation,transplant_platform,30,pretransplantation,Rosario,pretransplantation,,35,high,alive,yes
SRR12022703,SRR12022703,12.5,Orbicella faveolata,Rosario,Rosario_pretransplantation,transplant_platform,30,pretransplantation,Rosario,pretransplantation,,35,high,dead,yes
SRR12022704,SRR12022704,12.5,Orbicella faveolata,Rosario,Rosario_pretransplantation,transplant_platform,30,pretransplantation,Rosario,pretransplantation,,35,high,alive,yes
SRR12022705,SRR12022705,12.5,Orbicella faveolata,Rosario,Rosario_pretransplantation,transplant_platform,30,pretransplantation,Rosario,pretransplantation,,35,high,alive,yes
SRR12022706,SRR12022706,12.5,Orbicella faveolata,Rosario,Rosario_pretransplantation,transplant_platform,30,pretransplantation,Rosario,pretransplantation,,35,high,alive,yes
SRR12022707,SRR12022707,12.5,Orbicella faveolata,Rosario,Rosario_pretransplantation,transplant_platform,30,pretransplantation,Rosario,pretransplantation,,35,high,alive,yes
SRR12022708,SRR12022708,12.5,Orbicella faveolata,Rosario,Rosario_pretransplantation,transplant_platform,30,pretransplantation,Rosario,pretransplantation,,35,high,alive,yes
SRR12022709,SRR12022709,12.5,Orbicella faveolata,Rosario,Rosario_pretransplantation,transplant_platform,30,pretransplantation,Rosario,pretransplantation,,35,high,dead,yes
SRR12022710,SRR12022710,12.5,Orbicella faveolata,Rosario,Rosario_pretransplantation,transplant_platform,30,pretransplantation,Rosario,pretransplantation,,35,high,alive,yes
SRR12022711,SRR12022711,3.5,Orbicella faveolata,Varadero,Varadero_pretransplantation,transplant_platform,30,pretransplantation,Varadero,pretransplantation,,10,medium,alive,yes
SRR12022712,SRR12022712,3.5,Orbicella faveolata,Varadero,Varadero_pretransplantation,transplant_platform,30,pretransplantation,Varadero,pretransplantation,,10,medium,alive,yes
SRR12022713,SRR12022713,3.5,Orbicella faveolata,Varadero,Varadero_pretransplantation,transplant_platform,30,pretransplantation,Varadero,pretransplantation,,10,medium,alive,yes